Workbook

Sheet README
B1: AI DELIVERY DATA CAPTURE — PER-UNIT LOG
B2: Purpose: turn AI-delivery assumptions (c, e, q, tokens) into measured actuals, per unit of work and complexity class.
B3: These measured values feed the pricing calculator and are the evidence base for published tier prices.
B5: HOW TO USE
B6: 1. During delivery, log one row per unit of work (e.g. per remediated object) on the Object_Log sheet.
B7: 2. Use the dropdowns for Complexity, AI Handled, Rework and Model — free text breaks the Dashboard formulas.
B8: 3. The Dashboard computes c, e, q, rework rate and token consumption per complexity class automatically.
B9: 4. After ~500 logged units, transfer the Dashboard's 'values for the pricing calculator' into deal simulations.
B10: 5. Delete the 12 SAMPLE rows (shaded grey on Object_Log) before logging real data.
B12: LEGEND
B13: Yellow-filled, blue-text cells = inputs you can edit (Dashboard baseline minutes per class).
B14: White cells on Object_Log = data entry, one row per unit. Black-text Dashboard cells = formulas, do not edit.
... B21: Baseline minutes per class are your traditional (pre-AI) effort standards — defaults are the case-example values; replace with your own.

Sheet Object_Log
A1: Unit ID | B1: Unit Type | C1: Complexity | D1: AI Handled (Y/N) | E1: AI Minutes | F1: Human Minutes | G1: Review Minutes | H1: Rework (Y/N) | I1: Tokens In (K) | J1: Tokens Out (K) | K1: Model | L1: Notes
A2: SAMPLE-001 | B2: Report | C2: Simple | D2: Y | E2: 5 | F2: 15 | G2: 8 | H2: N | I2: 180 | J2: 25 | K2: Workhorse | L2: obsolete WRITE stmts
A3: SAMPLE-002 | B3: Report | C3: Simple | D3: Y | E3: 4 | F3: 12 | G3: 6 | H3: N | I3: 160 | J3: 22 | K3: Workhorse
A4: SAMPLE-003 | B4: Include | C4: Simple | D4: Y | E4: 6 | F4: 22 | G4: 9 | H4: N | I4: 210 | J4: 30 | K4: Workhorse
A5: SAMPLE-004 | B5: Function | C5: Simple | D5: Y | E5: 5 | F5: 18 | G5: 7 | H5: Y | I5: 190 | J5: 28 | K5: Workhorse | L5: regression fail, fixed
A6: SAMPLE-005 | B6: Report | C6: Medium | D6: Y | E6: 10 | F6: 55 | G6: 18 | H6: N | I6: 240 | J6: 35 | K6: Workhorse | L6: SELECT * rework
A7: SAMPLE-006 | B7: Class | C7: Medium | D7: Y | E7: 12 | F7: 60 | G7: 20 | H7: N | I7: 260 | J7: 38 | K7: Workhorse
A8: SAMPLE-007 | B8: Function | C8: Medium | D8: Y | E8: 9 | F8: 50 | G8: 16 | H8: N | I8: 230 | J8: 32 | K8: Workhorse
A9: SAMPLE-008 | B9: Class | C9: Medium | D9: Y | E9: 11 | F9: 68 | G9: 22 | H9: Y | I9: 280 | J9: 40 | K9: Frontier | L9: complex joins
A10: SAMPLE-009 | B10: Enhancement | C10: Complex | D10: Y | E10: 25 | F10: 140 | G10: 45 | H10: N | I10: 520 | J10: 80 | K10: Frontier
A11: SAMPLE-010 | B11: Enhancement | C11: Complex | D11: N | E11: 0 | F11: 410 | G11: 0 | H11: N | I11: 0 | J11: 0 | L11: manual — user exit logic
A12: SAMPLE-011 | B12: Interface | C12: Complex | D12: N | E12: 0 | F12: 440 | G12: 0 | H12: N | I12: 0 | J12: 0 | L12: manual — redesign
A13: SAMPLE-012 | B13: Class | C13: Complex | D13: Y | E13: 30 | F13: 160 | G13: 50 | H13: N | I13: 560 | J13: 85 | K13: Frontier

Sheet Dashboard
A1: AI DELIVERY DASHBOARD — MEASURED c, e, q
A2: All figures compute live from Object_Log. Black cells are formulas — do not edit.
A4: BASELINE MINUTES PER UNIT (traditional, pre-AI) — edit these
A5: Simple | B5: 90 | C5: Medium | D5: 210 | E5: Complex | F5: 420
A6: Source: case-example standards (blended 3.5 hrs/object). Replace with your own effort norms.
A8: Complexity class | B8: Units logged | C8: AI-handled | D8: c — coverage | E8: Avg AI+human min (AI-handled) | F8: e — effort reduction | G8: Avg review min | H8: q — QA add-back | I8: Rework rate (AI) | J8: Avg tokens K/unit (in+out)
A9: Simple | B9: =COUNTIFS(Object_Log!$C$2:$C$2000,$A9) -> 4 | C9: =COUNTIFS(Object_Log!$C$2:$C$2000,$A9,Object_Log!$D$2:$D$2000,"Y") -> 4 | D9: =IFERROR(C9/B9,0) -> 1 | E9: =IFERROR(AVERAGEIFS(Object_Log!$E$2:$E$2000,Object_Log!$C$2:$C$2000,$A9,Object_Log!$D$2:$D$2000,"Y")+AVERAGEIFS(Object_Log!$F$2:$F$2000,Object_Log!$C$2:$C$2000,$A9,Object_Log!$D$2:$D$2000,"Y"),0) -> 21.75 | F9: =IFERROR(1-E9/$B$5,0) -> 0.75833333 | G9: =IFERROR(AVERAGEIFS(Object_Log!$G$2:$G$2000,Object_Log!$C$2:$C$2000,$A9,Object_Log!$D$2:$D$2000,"Y"),0) -> 7.5 | H9: =IFERROR(G9/($B$5-E9),0) -> 0.10989011 | I9: =IFERROR(COUNTIFS(Object_Log!$C$2:$C$2000,$A9,Object_Log!$D$2:$D$2000,"Y",Object_Log!$H$2:$H$2000,"Y")/C9,0) -> 0.25 | J9: =IFERROR(AVERAGEIFS(Object_Log!$I$2:$I$2000,Object_Log!$C$2:$C$2000,$A9,Object_Log!$D$2:$D$2000,"Y")+AVERAGEIFS(Object_Log!$J$2:$J$2000,Object_Log!$C$2:$C$2000,$A9,Object_Log!$D$2:$D$2000,"Y"),0) -> 211.25
A10: Medium | B10: =COUNTIFS(Object_Log!$C$2:$C$2000,$A10) -> 4 | C10: =COUNTIFS(Object_Log!$C$2:$C$2000,$A10,Object_Log!$D$2:$D$2000,"Y") -> 4 | D10: =IFERROR(C10/B10,0) -> 1 | E10: =IFERROR(AVERAGEIFS(Object_Log!$E$2:$E$2000,Object_Log!$C$2:$C$2000,$A10,Object_Log!$D$2:$D$2000,"Y")+AVERAGEIFS(Object_Log!$F$2:$F$2000,Object_Log!$C$2:$C$2000,$A10,Object_Log!$D$2:$D$2000,"Y"),0) -> 68.75 | F10: =IFERROR(1-E10/$D$5,0) -> 0.67261905 | G10: =IFERROR(AVERAGEIFS(Object_Log!$G$2:$G$2000,Object_Log!$C$2:$C$2000,$A10,Object_Log!$D$2:$D$2000,"Y"),0) -> 19 | H10: =IFERROR(G10/($D$5-E10),0) -> 0.13451327 | I10: =IFERROR(COUNTIFS(Object_Log!$C$2:$C$2000,$A10,Object_Log!$D$2:$D$2000,"Y",Object_Log!$H$2:$H$2000,"Y")/C10,0) -> 0.25 | J10: =IFERROR(AVERAGEIFS(Object_Log!$I$2:$I$2000,Object_Log!$C$2:$C$2000,$A10,Object_Log!$D$2:$D$2000,"Y")+AVERAGEIFS(Object_Log!$J$2:$J$2000,Object_Log!$C$2:$C$2000,$A10,Object_Log!$D$2:$D$2000,"Y"),0) -> 288.75
A11: Complex | B11: =COUNTIFS(Object_Log!$C$2:$C$2000,$A11) -> 4 | C11: =COUNTIFS(Object_Log!$C$2:$C$2000,$A11,Object_Log!$D$2:$D$2000,"Y") -> 2 | D11: =IFERROR(C11/B11,0) -> 0.5 | E11: =IFERROR(AVERAGEIFS(Object_Log!$E$2:$E$2000,Object_Log!$C$2:$C$2000,$A11,Object_Log!$D$2:$D$2000,"Y")+AVERAGEIFS(Object_Log!$F$2:$F$2000,Object_Log!$C$2:$C$2000,$A11,Object_Log!$D$2:$D$2000,"Y"),0) -> 177.5 | F11: =IFERROR(1-E11/$F$5,0) -> 0.57738095 | G11: =IFERROR(AVERAGEIFS(Object_Log!$G$2:$G$2000,Object_Log!$C$2:$C$2000,$A11,Object_Log!$D$2:$D$2000,"Y"),0) -> 47.5 | H11: =IFERROR(G11/($F$5-E11),0) -> 0.19587629 | I11: =IFERROR(COUNTIFS(Object_Log!$C$2:$C$2000,$A11,Object_Log!$D$2:$D$2000,"Y",Object_Log!$H$2:$H$2000,"Y")/C11,0) -> 0 | J11: =IFERROR(AVERAGEIFS(Object_Log!$I$2:$I$2000,Object_Log!$C$2:$C$2000,$A11,Object_Log!$D$2:$D$2000,"Y")+AVERAGEIFS(Object_Log!$J$2:$J$2000,Object_Log!$C$2:$C$2000,$A11,Object_Log!$D$2:$D$2000,"Y"),0) -> 622.5
A12: ALL UNITS | B12: =SUM(B9:B11) -> 12 | C12: =SUM(C9:C11) -> 10 | D12: =IFERROR(C12/B12,0) -> 0.83333333 | E12: =IFERROR(SUMPRODUCT(C9:C11,E9:E11)/C12,0) -> 71.7 | F12: =IFERROR(SUMPRODUCT(C9:C11,F9:F11)/C12,0) -> 0.68785714 | G12: =IFERROR(SUMPRODUCT(C9:C11,G9:G11)/C12,0) -> 20.1 | H12: =IFERROR(SUMPRODUCT(C9:C11,H9:H11)/C12,0) -> 0.13693661 | I12: =IFERROR(SUMPRODUCT(C9:C11,I9:I11)/C12,0) -> 0.2 | J12: =IFERROR(SUMPRODUCT(C9:C11,J9:J11)/C12,0) -> 324.5
A13: Note: ALL-UNITS c is a straight share; e, q, rework and tokens are weighted by AI-handled counts per class.
A15: VALUES FOR THE PRICING CALCULATOR (from ALL UNITS row)
A16: AI coverage c | B16: =D12 -> 0.83333333
A17: Effort reduction e | B17: =F12 -> 0.68785714
A18: QA add-back q | B18: =H12 -> 0.13693661
A19: Tokens per covered unit (K, in+out) | B19: =J12 -> 324.5
A20: Rework rate (target < 2%) | B20: =I12 -> 0.2
A22: Statistical note: treat per-class values as defensible from ~150 units per class (~500 total).
